1,google.com
2,facebook.com
3,youtube.com
4,baidu.com
5,yahoo.com
6,amazon.com
7,wikipedia.org
8,qq.com
9,twitter.com
10,google.co.in
11,taobao.com
12,live.com
13,sina.com.cn
14,linkedin.com
15,yahoo.co.jp
16,weibo.com
17,ebay.com
18,google.co.jp
19,yandex.ru
20,bing.com
21,vk.com
22,hao123.com
23,google.de
24,instagram.com
25,t.co
26,msn.com
27,amazon.co.jp
28,google.co.uk
29,tmall.com
30,pinterest.com
31,ask.com
32,wordpress.com
33,reddit.com
34,mail.ru
35,google.fr
36,blogspot.com
37,paypal.com
38,google.com.br
39,onclickads.net
40,apple.com
41,tumblr.com
42,aliexpress.com
43,google.ru
44,sohu.com
45,microsoft.com
46,imgur.com
47,xvideos.com
48,google.it
49,imdb.com
50,google.es
51,netflix.com
52,gmw.cn
53,amazon.de
54,fc2.com
55,360.cn
56,alibaba.com
57,stackoverflow.com
58,go.com
59,ok.ru
60,google.com.mx
61,google.ca
62,amazon.in
63,google.com.hk
64,tianya.cn
65,amazon.co.uk
66,craigslist.org
67,naver.com
68,rakuten.co.jp
69,pornhub.com
70,blogger.com
71,diply.com
72,google.com.tr
73,xhamster.com
74,flipkart.com
75,espn.go.com
76,soso.com
77,outbrain.com
78,nicovideo.jp
79,cnn.com
80,google.co.id
81,dropbox.com
82,googleusercontent.com
83,google.co.kr
84,xinhuanet.com
85,github.com
86,bongacams.com
87,bbc.co.uk
88,kat.cr
89,googleadservices.com
90,ebay.de
91,google.pl
92,google.com.au
93,pixnet.net
94,tradeadexchange.com
95,popads.net
96,ebay.co.uk
97,sogou.com
98,dailymotion.com
99,adobe.com
100,adnetworkperformance.com
101,nytimes.com
102,directrev.com
103,adcash.com
104,wikia.com
105,livedoor.jp
106,jd.com
107,booking.com
108,bbc.com
109,163.com
110,coccoc.com
111,dailymail.co.uk
112,alipay.com
113,indiatimes.com
114,china.com
115,chase.com
116,china.com.cn
117,dmm.co.jp
118,buzzfeed.com
119,huffingtonpost.com
120,xnxx.com
121,google.com.sa
122,youku.com
123,google.com.eg
124,google.com.tw
125,uol.com.br
126,terraclicks.com
127,office.com
128,amazon.cn
129,snapdeal.com
130,microsoftonline.com
131,google.com.ar
132,amazonaws.com
133,walmart.com
134,ameblo.jp
135,daum.net
136,amazon.fr
137,blogspot.in
138,slideshare.net
139,etsy.com
140,bankofamerica.com
141,whatsapp.com
142,google.com.pk
143,twitch.tv
144,yelp.com
145,globo.com
146,theguardian.com
147,tudou.com
148,aol.com
149,chinadaily.com.cn
150,stackexchange.com
151,flickr.com
152,cnet.com
153,weather.com
154,indeed.com
155,ettoday.net
156,amazon.it
157,quora.com
158,soundcloud.com
159,google.nl
160,reimageplus.com
161,redtube.com
162,detail.tmall.com
163,forbes.com
164,loading-delivery2.com
165,naver.jp
166,bp.blogspot.com
167,douban.com
168,wellsfargo.com
169,google.co.za
170,google.co.ve
171,cnzz.com
172,youporn.com
173,target.com
174,adf.ly
175,zillow.com
176,vice.com
177,cntv.cn
178,google.gr
179,gmail.com
180,kakaku.com
181,leboncoin.fr
182,salesforce.com
183,vimeo.com
184,ikea.com
185,godaddy.com
186,bestbuy.com
187,avito.ru
188,goo.ne.jp
189,spaceshipads.com
190,about.com
191,tripadvisor.com
192,allegro.pl
193,livejournal.com
194,nih.gov
195,tubecup.com
196,foxnews.com
197,washingtonpost.com
198,adplxmd.com
199,files.wordpress.com
200,deviantart.com
201,w3schools.com
202,google.com.ua
203,doublepimp.com
204,theladbible.com
205,themeforest.net
206,feedly.com
207,office365.com
208,wordpress.org
209,wikihow.com
210,taboola.com
211,google.co.th
212,mozilla.org
213,9gag.com
214,zol.com.cn
215,akamaihd.net
216,hclips.com
217,businessinsider.com
218,google.cn
219,mediafire.com
220,comcast.net
221,gfycat.com
222,google.com.co
223,americanexpress.com
224,softonic.com
225,onet.pl
226,pixiv.net
227,amazon.es
228,mystart.com
229,wix.com
230,zhihu.com
231,ups.com
232,usps.com
233,steamcommunity.com
234,nfl.com
235,force.com
236,archive.org
237,secureserver.net
238,google.com.sg
239,wikimedia.org
240,homedepot.com
241,bilibili.com
242,skype.com
243,google.ro
244,shutterstock.com
245,telegraph.co.uk
246,doorblog.jp
247,detik.com
248,weebly.com
249,google.com.ph
250,addthis.com
251,google.com.ng
252,ebay-kleinanzeigen.de
253,bitauto.com
254,github.io
255,steampowered.com
256,popcash.net
257,web.de
258,google.se
259,rambler.ru
260,avg.com
261,ndtv.com
262,nametests.com
263,huanqiu.com
264,gamer.com.tw
265,xywy.com
266,hulu.com
267,hdfcbank.com
268,mailchimp.com
269,orange.fr
270,tlbb8.com
271,sourceforge.net
272,hp.com
273,livejasmin.com
274,answers.com
275,espncricinfo.com
276,gmx.net
277,mercadolivre.com.br
278,youm7.com
279,speedtest.net
280,ifeng.com
281,webmd.com
282,wordreference.com
283,xfinity.com
284,google.at
285,groupon.com
286,51.la
287,ebay.in
288,blogfa.com
289,uptodown.com
290,hootsuite.com
291,usatoday.com
292,xuite.net
293,stumbleupon.com
294,fedex.com
295,capitalone.com
296,media.tumblr.com
297,google.pt
298,goodreads.com
299,wp.pl
300,people.com.cn
301,bloomberg.com
302,icicibank.com
303,google.be
304,fbcdn.net
305,bet365.com
306,t-online.de
307,caijing.com.cn
308,thesaurus.com
309,mashable.com
310,paytm.com
311,blog.jp
312,google.com.pe
313,bild.de
314,pandora.com
315,warmportrait.com
316,dmm.com
317,spiegel.de
318,amazon.ca
319,extratorrent.cc
320,putlocker.is
321,seznam.cz
322,spotify.com
323,wsj.com
324,google.ae
325,dell.com
326,ign.com
327,udn.com
328,varzesh3.com
329,2ch.net
330,att.com
331,accuweather.com
332,kaskus.co.id
333,watsons.tmall.com
334,engadget.com
335,macys.com
336,chaturbate.com
337,mama.cn
338,jabong.com
339,samsung.com
340,adidas.tmall.com
341,life.com.tw
342,google.ch
343,1905.com
344,badoo.com
345,google.az
346,gameforge.com
347,chaoshi.tmall.com
348,1688.com
349,youth.cn
350,styletv.com.cn
351,smzdm.com
352,gsmarena.com
353,abs-cbnnews.com
354,onlinesbi.com
355,rutracker.org
356,trello.com
357,mlb.com
358,zendesk.com
359,mega.nz
360,twimg.com
361,rediff.com
362,upornia.com
363,liveadexchanger.com
364,39.net
365,livedoor.biz
366,tistory.com
367,reuters.com
368,reference.com
369,google.cl
370,icloud.com
371,milliyet.com.tr
372,google.cz
373,google.com.bd
374,verizonwireless.com
375,kickstarter.com
376,liputan6.com
377,sahibinden.com
378,enet.com.cn
379,kohls.com
380,haosou.com
381,impress.co.jp
382,sberbank.ru
383,kouclo.com
384,mydomainadvisor.com
385,shopclues.com
386,ebay.it
387,bleacherreport.com
388,iqiyi.com
389,yaolan.com
390,evernote.com
391,eksisozluk.com
392,trackingclick.net
393,slickdeals.net
394,tube8.com
395,baike.com
396,lady8844.com
397,infusionsoft.com
398,babytree.com
399,liveinternet.ru
400,google.hu
401,ask.fm
402,vid.me
403,hurriyet.com.tr
404,thefreedictionary.com
405,oracle.com
406,newegg.com
407,google.ie
408,ijreview.com
409,likes.com
410,torrentz.eu
411,youradexchange.com
412,pinimg.com
413,kinopoisk.ru
414,rt.com
415,flirchi.com
416,ppomppu.co.kr
417,gap.com
418,4shared.com
419,quikr.com
420,scribd.com
421,taleo.net
422,google.co.il
423,yandex.ua
424,ebay.com.au
425,photobucket.com
426,slack.com
427,ltn.com.tw
428,ce.cn
429,list-manage.com
430,libero.it
431,repubblica.it
432,onedio.com
433,uploaded.net
434,meetup.com
435,eastday.com
436,livedoor.com
437,blogimg.jp
438,lifehacker.com
439,citi.com
440,cbssports.com
441,retailmenot.com
442,goal.com
443,ilividnewtab.com
444,goodgamestudios.com
445,hm.com
446,cloudfront.net
447,ameba.jp
448,olx.in
449,pconline.com.cn
450,buzzfil.net
451,neobux.com
452,gizmodo.com
453,exoclick.com
454,teepr.com
455,theverge.com
456,google.dz
457,rbc.ru
458,fiverr.com
459,disqus.com
460,ewt.cc
461,savefrom.net
462,cnnic.cn
463,elpais.com
464,surveymonkey.com
465,kinogo.co
466,51yes.com
467,xda-developers.com
468,marca.com
469,free.fr
470,xe.com
471,kompas.com
472,google.fi
473,lowes.com
474,intuit.com
475,stockstar.com
476,aparat.com
477,nbcnews.com
478,souq.com
479,allrecipes.com
480,youboy.com
481,time.com
482,battle.net
483,nordstrom.com
484,naukri.com
485,mobile.de
486,torrentz.in
487,4dsply.com
488,asos.com
489,nyaa.se
490,techcrunch.com
491,epweike.com
492,medium.com
493,independent.co.uk
494,wunderground.com
495,tabelog.com
496,lenovo.com
497,expedia.com
498,chip.de
499,zippyshare.com
500,corriere.it
501,gmarket.co.kr
502,streamcloud.eu
503,webssearches.com
504,glassdoor.com
505,hotels.com
506,qunar.com
507,java.com
508,autohome.com.cn
509,subscene.com
510,playstation.com
511,17ok.com
512,sabq.org
513,eyny.com
514,ancestry.com
515,cnbeta.com
516,plarium.com
517,gamefaqs.com
518,myway.com
519,google.sk
520,urdupoint.com
521,irctc.co.in
522,google.com.vn
523,airbnb.com
524,blackboard.com
525,justdial.com
526,albawabhnews.com
527,hatena.ne.jp
528,azlyrics.com
529,youtube-mp3.org
530,mercadolibre.com.ar
531,kijiji.ca
532,nifty.com
533,doubleclick.net
534,gmanetwork.com
535,shopify.com
536,ero-advertising.com
537,issuu.com
538,6pm.com
539,npr.org
540,mercadolibre.com.ve
541,olx.pl
542,instructables.com
543,box.com
544,chinaz.com
545,bestadbid.com
546,timeanddate.com
547,nike.com
548,people.com
549,costco.com
550,realtor.com
551,digikala.com
552,codecanyon.net
553,kayak.com
554,google.no
555,lenta.ru
556,jimdo.com
557,beeg.com
558,subito.it
559,seesaa.net
560,11st.co.kr
561,vcommission.com
562,blogspot.jp
563,kooora.com
564,tmz.com
565,verizon.com
566,discovercard.com
567,rottentomatoes.com
568,xunlei.com
569,elmundo.es
570,siteadvisor.com
571,bukalapak.com
572,bhaskar.com
573,donga.com
574,haber7.com
575,taringa.net
576,okcupid.com
577,gazeta.pl
578,youdao.com
579,douyutv.com
580,wetransfer.com
581,microsoftstore.com
582,mirror.co.uk
583,wired.com
584,instructure.com
585,clien.net
586,k618.cn
587,squarespace.com
588,zomato.com
589,sh.st
590,asana.com
591,thepiratebay.la
592,urbandictionary.com
593,hupu.com
594,fidelity.com
595,focus.de
596,so-net.ne.jp
597,ebay.fr
598,latimes.com
599,southwest.com
600,all2lnk.com
601,zulily.com
602,itmedia.co.jp
603,moneycontrol.com
604,overstock.com
605,google.dk
606,change.org
607,drudgereport.com
608,eonline.com
609,csdn.net
610,sharepoint.com
611,vnexpress.net
612,google.com.my
613,sakura.ne.jp
614,b5m.com
615,freepik.com
616,php.net
617,duckduckgo.com
618,japanpost.jp
619,agoda.com
620,yandex.com.tr
621,airtel.in
622,livescore.com
623,domaintools.com
624,gearbest.com
625,r10.net
626,list.tmall.com
627,woot.com
628,mixi.jp
629,cookpad.com
630,ytimg.com
631,udemy.com
632,yodobashi.com
633,slate.com
634,hespress.com
635,constantcontact.com
636,statcounter.com
637,nba.com
638,pof.com
639,musicboxnewtab.com
640,asus.com
641,aweber.com
642,wayfair.com
643,makemytrip.com
644,yts.to
645,ca.gov
646,trulia.com
647,billdesk.com
648,rdsa2012.com
649,wow.com
650,pch.com
651,yandex.kz
652,sears.com
653,superuser.com
654,eventbrite.com
655,researchgate.net
656,cnbc.com
657,mihanblog.com
658,foodnetwork.com
659,blogspot.mx
660,rednet.cn
661,workercn.cn
662,unblocked.la
663,goo.gl
664,blog.me
665,interia.pl
666,bomb01.com
667,gigazine.net
668,lefigaro.fr
669,ensonhaber.com
670,admtpmp127.com
671,staples.com
672,pcmag.com
673,swagbucks.com
674,chron.com
675,lazada.co.id
676,bookmyshow.com
677,staticwebdom.com
678,suning.com
679,popsugar.com
680,bitly.com
681,abcnews.go.com
682,yallakora.com
683,upwork.com
684,tokopedia.com
685,state.gov
686,onlylady.com
687,ero-video.net
688,ria.ru
689,abril.com.br
690,ci123.com
691,twoo.com
692,youjizz.com
693,houzz.com
694,zoho.com
695,nikkei.com
696,tinyurl.com
697,lemonde.fr
698,wonderlandads.com
699,hostgator.com
700,custhelp.com
701,hatenablog.com
702,semrush.com
703,asahi.com
704,redirectvoluum.com
705,food.com
706,howtogeek.com
707,cbc.ca
708,315che.com
709,mercadolibre.com.mx
710,academia.edu
711,bhphotovideo.com
712,momoshop.com.tw
713,appledaily.com.tw
714,cdiscount.com
715,thewatchseries.to
716,megapopads.com
717,alicdn.com
718,biglobe.ne.jp
719,norton.com
720,chinaso.com
721,egou.com
722,shareasale.com
723,patch.com
724,topfansgames.com
725,zappos.com
726,zara.com
727,gismeteo.ru
728,byinmind.com
729,sciencedirect.com
730,auction.co.kr
731,fanli.com
732,intoday.in
733,marketwatch.com
734,voc.com.cn
735,tnaflix.com
736,faithtap.com
737,littlethings.com
738,cbsnews.com
739,coursera.org
740,nydailynews.com
741,histats.com
742,wp.com
743,backpage.com
744,nypost.com
745,babycenter.com
746,rightmove.co.uk
747,nikkeibp.co.jp
748,weblio.jp
749,messenger.com
750,zing.vn
751,windows.com
752,xbox.com
753,gawker.com
754,investing.com
755,clixsense.com
756,gemius.pl
757,oeeee.com
758,jcpenney.com
759,bodybuilding.com
760,usaa.com
761,jrj.com.cn
762,wikiwiki.jp
763,aa.com
764,nhk.or.jp
765,commentcamarche.net
766,behance.net
767,exblog.jp
768,olx.ua
769,mynet.com
770,58.com
771,ticketmaster.com
772,lequipe.fr
773,clipconverter.cc
774,topf1le.com
775,mayoclinic.org
776,ibm.com
777,fanduel.com
778,europa.eu
779,reverso.net
780,mi.com
781,jumia.com.ng
782,rapidgator.net
783,techradar.com
784,delta-homes.com
785,dropbooks.tv
786,leagueoflegends.com
787,e-hentai.org
788,atlassian.net
789,mit.edu
790,vetogate.com
791,liveleak.com
792,gamespot.com
793,farsnews.com
794,videodownloadconverter.com
795,kdnet.net
796,myfitnesspal.com
797,mobile01.com
798,adp.com
799,zeroredirect1.com
800,webex.com
801,wiktionary.org
802,cbs.com
803,saramin.co.kr
804,21cn.com
805,www.gov.uk
806,vk.me
807,google.co.nz
808,sbnation.com
809,theatlantic.com
810,giphy.com
811,yoka.com
812,himado.in
813,nhl.com
814,milanuncios.com
815,olx.com.br
816,gutefrage.net
817,to8to.com
818,delta.com
819,mystartsearch.com
820,primewire.ag
821,androidcentral.com
822,informer.com
823,google.bg
824,okezone.com
825,stamplive.com
826,t-mobile.com
827,hubspot.com
828,usbank.com
829,alexa.cn
830,dianping.com
831,cracked.com
832,sozcu.com.tr
833,askmebazaar.com
834,cam4.com
835,123cha.com
836,investopedia.com
837,acfun.tv
838,junbi-tracker.com
839,emol.com
840,leadzupc.com
841,netteller.com
842,ted.com
843,gyazo.com
844,thesportbible.com
845,drtuber.com
846,1111.tmall.com
847,united.com
848,cisco.com
849,infoseek.co.jp
850,drom.ru
851,4chan.org
852,adschemist.com
853,dreamstime.com
854,anitube.se
855,ehow.com
856,agar.io
857,disq.us
858,geocities.jp
859,facenama.com
860,novinky.cz
861,getpocket.com
862,jin115.com
863,sfgate.com
864,priceline.com
865,uniqlo.com
866,mega.co.nz
867,filehippo.com
868,zone-telechargement.com
869,atwiki.jp
870,blogspot.com.tr
871,feclik.com
872,wav.tv
873,thedailybeast.com
874,iflscience.com
875,digitaltrends.com
876,sapo.pt
877,trklnks.com
878,thekitchn.com
879,123rf.com
880,tomshardware.com
881,cityadspix.com
882,gazzetta.it
883,quizlet.com
884,cpasbien.pw
885,android.com
886,indianexpress.com
887,mackeeper.com
888,noaa.gov
889,nbcsports.com
890,deezer.com
891,offpageads.com
892,yomiuri.co.jp
893,intel.com
894,ruten.com.tw
895,bluehost.com
896,prpops.com
897,india.com
898,adme.ru
899,fishki.net
900,rev2pub.com
901,tutorialspoint.com
902,gamepedia.com
903,deviantart.net
904,ew.com
905,genius.com
906,eastmoney.com
907,tsite.jp
908,allocine.fr
909,thehindu.com
910,news.com.au
911,mapquest.com
912,welt.de
913,rakuten.ne.jp
914,dafont.com
915,qvc.com
916,chexun.com
917,friv.com
918,nasa.gov
919,audible.com
920,seasonvar.ru
921,yandex.by
922,google.rs
923,vodlocker.com
924,ebay.ca
925,google.by
926,digg.com
927,banggood.com
928,tagged.com
929,india-mmm.net
930,roblox.com
931,monster.com
932,idnes.cz
933,yadi.sk
934,sex.com
935,4pda.ru
936,google.lk
937,ebates.com
938,etao.com
939,pureadexchange.com
940,almasryalyoum.com
941,lolesports.com
942,haberturk.com
943,prezi.com
944,istockphoto.com
945,basecamp.com
946,ccm.net
947,cqnews.net
948,topix.com
949,indianrail.gov.in
950,carview.co.jp
951,match.com
952,ampclicks.com
953,whitepages.com
954,ultimate-guitar.com
955,google.com.kw
956,yellowpages.com
957,usmagazine.com
958,fandango.com
959,lapatilla.com
960,entrepreneur.com
961,yaplakal.com
962,189.cn
963,coupons.com
964,as.com
965,pagesjaunes.fr
966,weather.gov
967,mackolik.com
968,2chblog.jp
969,wiley.com
970,sky.com
971,mynavi.jp
972,kotaku.com
973,ea.com
974,admtpmp124.com
975,admtpmp123.com
976,immobilienscout24.de
977,sankei.com
978,lun.com
979,quanjing.com
980,folha.uol.com.br
981,rarbg.to
982,mysmartprice.com
983,google.hr
984,clarin.com
985,2mdn.info
986,walgreens.com
987,marriott.com
988,cnblogs.com
989,bt.com
990,id.net
991,fanpage.gr
992,toysrus.com
993,otto.de
994,hilton.com
995,hdfilmifullizle.com.tr
996,vi-view.com
997,xing.com
998,mediaset.it
999,forever21.com
1000,vine.co